{
    "f10_l-d_kp_20_879": {
        "ssl": 1025.0,
        "msl": 1025.0,
        "ils": 1025.0,
        "vns": 884.0,
        "tabu": 1025.0,
        "sa": 1017.0,
        "optimum": 1025.0
    },
    "f1_l-d_kp_10_269": {
        "ssl": 293.0,
        "msl": 295.0,
        "ils": 293.0,
        "vns": 251.0,
        "tabu": 293.0,
        "sa": 293.0,
        "optimum": 295.0
    },
    "f2_l-d_kp_20_878": {
        "ssl": 1024.0,
        "msl": 1024.0,
        "ils": 1024.0,
        "vns": 976.0,
        "tabu": 1024.0,
        "sa": 1024.0,
        "optimum": 1024.0
    },
    "f3_l-d_kp_4_20": {
        "ssl": 28.0,
        "msl": 35.0,
        "ils": 24.0,
        "vns": 28.0,
        "tabu": 28.0,
        "sa": 28.0,
        "optimum": 35.0
    },
    "f4_l-d_kp_4_11": {
        "ssl": 23.0,
        "msl": 23.0,
        "ils": 23.0,
        "vns": 19.0,
        "tabu": 23.0,
        "sa": 23.0,
        "optimum": 23.0
    },
    "f5_l-d_kp_15_375": {
        "ssl": 437.934507,
        "msl": 481.069368,
        "ils": 481.069368,
        "vns": 302.73751,
        "tabu": 437.934507,
        "sa": 469.161046,
        "optimum": 481.0694
    },
    "f6_l-d_kp_10_60": {
        "ssl": 50.0,
        "msl": 52.0,
        "ils": 52.0,
        "vns": 45.0,
        "tabu": 50.0,
        "sa": 52.0,
        "optimum": 52.0
    },
    "f7_l-d_kp_7_50": {
        "ssl": 96.0,
        "msl": 107.0,
        "ils": 105.0,
        "vns": 96.0,
        "tabu": 96.0,
        "sa": 96.0,
        "optimum": 107.0
    },
    "f8_l-d_kp_23_10000": {
        "ssl": 9762.0,
        "msl": 9767.0,
        "ils": 9767.0,
        "vns": 9702.0,
        "tabu": 9762.0,
        "sa": 9762.0,
        "optimum": 9767.0
    },
    "f9_l-d_kp_5_80": {
        "ssl": 130.0,
        "msl": 130.0,
        "ils": 130.0,
        "vns": 109.0,
        "tabu": 130.0,
        "sa": 130.0,
        "optimum": 130.0
    }
}